ID,Class
13154,h
2571,h
1320,h
16907,h
5570,h
16608,h
11334,h
10064,h
2193,h
18183,h
14124,h
10513,h
18961,h
8988,h
2091,h
5356,h
6540,h
603,h
303,h
2702,h
3696,h
6661,h
12072,h
1261,h
4913,h
12404,h
2384,h
11189,h
3297,h
14963,h
17367,h
7687,h
2734,h
431,h
1389,h
1024,h
11113,h
17737,h
12220,h
10678,h
12645,h
10527,h
12884,h
9874,h
12350,h
78,h
2228,h
8740,h
15689,h
17238,h
7439,h
10657,h
13618,h
13836,h
6447,h
2118,h
7822,h
4140,h
12784,h
15297,h
10766,h
15091,h
2653,h
13359,h
7709,h
4298,h
12631,h
1641,h
6396,h
8694,h
4879,h
15463,h
16812,h
3501,h
6169,h
12103,h
13667,h
1410,h
11869,h
1501,h
131,h
359,h
6793,h
14586,h
15398,h
3740,h
5884,h
9865,h
12442,h
8125,h
17671,h
10219,h
6312,h
11739,h
349,h
1149,h
14592,h
5423,h
16200,h
9241,h
16223,h
9571,h
3042,h
16522,h
101,h
15841,h
2106,h
12533,h
56,h
9500,h
4177,h
652,h
1285,h
17511,h
11590,h
685,h
15264,h
10138,h
9380,h
13719,h
18526,h
6036,h
9777,h
16663,h
12981,h
7257,h
18207,h
9642,h
11545,h
13732,h
1580,h
2670,h
17958,h
18136,h
14029,h
5165,h
11832,h
18472,h
17570,h
5745,h
17841,h
15227,h
6922,h
13527,h
8530,h
10200,h
1697,h
11100,h
1155,h
4000,h
2267,h
11535,h
6188,h
16997,h
14590,h
5593,h
17284,h
8583,h
3608,h
18513,h
8768,h
18860,h
17464,h
4915,h
15089,h
12386,h
9224,h
14431,h
5139,h
1398,h
7356,h
14352,h
7654,h
15440,h
15321,h
4221,h
11986,h
5672,h
3747,h
12373,h
14216,h
12895,h
7752,h
1461,h
17422,h
12114,h
11995,h
3330,h
4015,h
8711,h
11490,h
9801,h
11964,h
9809,h
7704,h
8803,h
11127,h
18557,h
16766,h
15233,h
1351,h
17839,h
2078,h
8799,h
18917,h
7479,h
2101,h
10695,h
18790,h
4663,h
622,h
3593,h
8810,h
1734,h
8249,h
13557,h
17275,h
2773,h
18773,h
16655,h
15667,h
18815,h
18907,h
17413,h
1718,h
15781,h
14575,h
18911,h
5494,h
13929,h
17261,h
8519,h
1648,h
14176,h
2483,h
11539,h
9129,h
1923,h
3541,h
5655,h
12841,h
6074,h
14680,h
17103,h
16551,h
11576,h
7617,h
4317,h
14105,h
11523,h
2545,h
8453,h
13838,h
2867,h
6502,h
17715,h
15025,h
2668,h
3223,h
12908,h
9542,h
7736,h
15190,h
14638,h
17756,h
10023,h
10012,h
4579,h
17914,h
15691,h
18039,h
4362,h
18151,h
11796,h
1452,h
4149,h
9670,h
12436,h
16723,h
4451,h
110,h
1864,h
14467,h
4242,h
9352,h
15346,h
3384,h
11547,h
18437,h
5612,h
13492,h
9089,h
13501,h
1895,h
1396,h
7876,h
16965,h
15906,h
16237,h
5725,h
14635,h
9309,h
15968,h
3302,h
4394,h
4014,h
8039,h
10431,h
8572,h
17281,h
10732,h
4174,h
14707,h
2779,h
7569,h
16847,h
9820,h
16645,h
72,h
12514,h
1867,h
14943,h
6966,h
4162,h
7322,h
15156,h
6204,h
15982,h
2068,h
12348,h
623,h
13180,h
6130,h
18576,h
14957,h
261,h
9720,h
11426,h
1926,h
3448,h
9180,h
10863,h
444,h
7429,h
2353,h
9349,h
13229,h
6618,h
12931,h
15761,h
15050,h
12479,h
17496,h
16547,h
2100,h
15605,h
4904,h
8631,h
337,h
3125,h
3730,h
11120,h
18382,h
14421,h
9901,h
17970,h
17157,h
5596,h
14658,h
12461,h
16233,h
2204,h
1685,h
4020,h
15828,h
13764,h
18559,h
2950,h
14618,h
3585,h
10555,h
15113,h
11156,h
15210,h
14556,h
5275,h
4272,h
17588,h
15998,h
10376,h
5796,h
11017,h
6054,h
17868,h
16405,h
5708,h
17057,h
2420,h
6286,h
12636,h
16473,h
7459,h
2222,h
9377,h
4463,h
4758,h
11238,h
3487,h
6401,h
15763,h
4165,h
11166,h
11038,h
15418,h
11467,h
3874,h
12251,h
17210,h
14918,h
9096,h
19,h
14690,h
4053,h
11698,h
12001,h
13855,h
17629,h
8156,h
4751,h
10243,h
12042,h
1511,h
10092,h
11270,h
15853,h
5169,h
8122,h
2870,h
3176,h
9527,h
17672,h
3270,h
5207,h
11273,h
6063,h
11889,h
16952,h
11441,h
2695,h
16420,h
8400,h
15543,h
7550,h
4484,h
2387,h
3938,h
6398,h
12457,h
16003,h
3335,h
8632,h
11931,h
11603,h
4472,h
6378,h
3272,h
18493,h
7452,h
6600,h
4786,h
7198,h
4487,h
2882,h
17306,h
127,h
7872,h
2778,h
9649,h
8386,h
3689,h
16530,h
18872,h
13184,h
7342,h
11213,h
12453,h
10231,h
15973,h
16741,h
9010,h
6236,h
17504,h
9296,h
4494,h
4399,h
986,h
4955,h
1559,h
16119,h
11069,h
16729,h
3326,h
9181,h
16304,h
3309,h
219,h
10447,h
73,h
12368,h
1885,h
3058,h
18633,h
17743,h
4775,h
18102,h
9624,h
6501,h
10909,h
6943,h
5340,h
10930,h
15936,h
4310,h
15415,h
3367,h
12474,h
2258,h
10845,h
8035,h
16459,h
3821,h
17134,h
15184,h
14433,h
10435,h
12830,h
3946,h
16148,h
15345,h
3262,h
1812,h
18647,h
11548,h
17040,h
3583,h
11886,h
13707,h
13375,h
8469,h
15657,h
16600,h
14962,h
14996,h
11541,h
11588,h
4251,h
17006,h
479,h
8425,h
592,h
17386,h
16968,h
15121,h
8930,h
4707,h
16260,h
114,h
2762,h
5823,h
6163,h
8850,h
18715,h
11779,h
2484,h
16294,h
11814,h
2771,h
14142,h
2640,h
13759,h
12391,h
9211,h
3365,h
11063,h
13893,h
16763,h
2639,h
5377,h
1063,h
7190,h
9612,h
4358,h
13079,h
8642,h
6728,h
13659,h
17936,h
5549,h
11992,h
9400,h
13109,h
13727,h
7873,h
1480,h
3170,h
8243,h
16807,h
13697,h
13237,h
16675,h
18540,h
6498,h
1446,h
10596,h
2352,h
2442,h
1331,h
2468,h
17177,h
18427,h
2972,h
1651,h
5296,h
14191,h
13504,h
8053,h
7805,h
6329,h
9965,h
14378,h
2400,h
12162,h
6926,h
11950,h
16988,h
12785,h
13096,h
15670,h
12144,h
8095,h
8232,h
16265,h
12681,h
9940,h
4004,h
5447,h
18479,h
1814,h
16105,h
13872,h
17573,h
15023,h
13978,h
18552,h
6998,h
14634,h
7245,h
14502,h
1931,h
15489,h
12495,h
9414,h
13357,h
17048,h
16249,h
17024,h
16811,h
18404,h
5265,h
2374,h
2497,h
8110,h
10540,h
14014,h
8002,h
15004,h
7390,h
9898,h
11906,h
11449,h
5505,h
8961,h
5448,h
384,h
14709,h
5581,h
18580,h
38,h
14879,h
12029,h
10370,h
6961,h
1309,h
375,h
13517,h
12782,h
17294,h
1002,h
5295,h
10653,h
14487,h
8713,h
4324,h
77,h
6003,h
2609,h
15007,h
18548,h
2625,h
4932,h
183,h
11692,h
11903,h
447,h
3490,h
6950,h
15445,h
16182,h
8918,h
1912,h
11445,h
18270,h
5163,h
2464,h
18442,h
4581,h
1897,h
12869,h
2638,h
2316,h
17625,h
10750,h
3484,h
389,h
12188,h
3112,h
10051,h
2732,h
2292,h
11460,h
13506,h
18659,h
10037,h
7640,h
9275,h
8635,h
11946,h
6635,h
11829,h
17311,h
11765,h
5179,h
6020,h
18998,h
18876,h
8698,h
1874,h
6711,h
3560,h
15311,h
15139,h
4186,h
1179,h
771,h
13034,h
5503,h
6043,h
1192,h
885,h
9397,h
4517,h
17616,h
13409,h
7334,h
13214,h
8154,h
4044,h
5737,h
12880,h
13196,h
18534,h
15825,h
14651,h
15219,h
15737,h
11244,h
16776,h
1879,h
17170,h
12938,h
969,h
10389,h
9621,h
9164,h
5053,h
4529,h
18072,h
17651,h
18828,h
1566,h
2317,h
194,h
11205,h
2567,h
13423,h
8146,h
3536,h
7511,h
5717,h
5367,h
17676,h
7858,h
9269,h
14417,h
5600,h
2338,h
7016,h
10406,h
13318,h
13283,h
8793,h
7731,h
6284,h
3889,h
8710,h
14715,h
3443,h
6824,h
9138,h
14141,h
16351,h
5108,h
7760,h
10275,h
17523,h
1171,h
12315,h
4595,h
6804,h
8484,h
15677,h
2083,h
9912,h
4415,h
13119,h
4288,h
9515,h
8975,h
18533,h
18388,h
12101,h
17873,h
15749,h
13328,h
2676,h
12692,h
8497,h
17879,h
6697,h
8929,h
3429,h
13158,h
12002,h
2385,h
15425,h
1392,h
8838,h
5368,h
7564,h
14077,h
13336,h
14242,h
4638,h
18326,h
8936,h
15404,h
18523,h
519,h
16022,h
18599,h
3107,h
17038,h
2841,h
7422,h
289,h
17224,h
1860,h
14267,h
6243,h
11175,h
15163,h
4314,h
10584,h
10404,h
5730,h
15594,h
18703,h
6593,h
3870,h
8459,h
14021,h
15590,h
4246,h
15492,h
11117,h
12842,h
18939,h
2782,h
4701,h
8311,h
15951,h
16805,h
18543,h
10014,h
565,h
14436,h
15094,h
3877,h
12128,h
18855,h
11892,h
132,h
9163,h
14861,h
750,h
17831,h
8965,h
10739,h
15475,h
9116,h
19004,h
3957,h
12780,h
5065,h
4620,h
5514,h
2182,h
13067,h
13088,h
2543,h
1371,h
16757,h
5989,h
16577,h
5744,h
10745,h
16320,h
7855,h
5421,h
8037,h
1634,h
18833,h
17558,h
17618,h
8160,h
13822,h
8234,h
16877,h
13033,h
12948,h
7020,h
15269,h
12469,h
16120,h
3514,h
14497,h
6573,h
8178,h
17979,h
17335,h
4452,h
5602,h
16097,h
7508,h
4776,h
13787,h
5153,h
16318,h
11483,h
6217,h
1719,h
1999,h
10950,h
14084,h
13065,h
6144,h
6653,h
3355,h
2157,h
13982,h
3975,h
13251,h
1784,h
125,h
11529,h
9881,h
4456,h
11164,h
13394,h
11844,h
14542,h
2687,h
17491,h
7458,h
11188,h
5365,h
6833,h
3644,h
8885,h
1105,h
4355,h
10789,h
3430,h
8264,h
2613,h
4347,h
11663,h
18978,h
9486,h
11592,h
2729,h
1383,h
14302,h
3576,h
1796,h
6818,h
9435,h
16672,h
13530,h
12291,h
11398,h
9976,h
12062,h
6671,h
1289,h
7661,h
10210,h
17795,h
8105,h
1217,h
10754,h
15759,h
11764,h
10620,h
4762,h
5009,h
10606,h
16244,h
5793,h
11014,h
7203,h
3342,h
2269,h
3046,h
12714,h
3543,h
7828,h
8167,h
15978,h
16951,h
16344,h
8461,h
11820,h
7859,h
7783,h
5008,h
3424,h
10319,h
3263,h
3183,h
3314,h
10483,h
12896,h
10132,h
1354,h
5986,h
13820,h
6941,h
8192,h
7593,h
5252,h
14841,h
16746,h
9358,h
6755,h
9493,h
7995,h
9814,h
12390,h
9005,h
354,h
8536,h
4918,h
17822,h
4933,h
15355,h
9229,h
9646,h
7081,h
9966,h
15313,h
7100,h
13125,h
3334,h
6497,h
18482,h
8613,h
401,h
10119,h
16679,h
9523,h
811,h
11987,h
4825,h
809,h
13613,h
3180,h
13116,h
16282,h
15683,h
9785,h
13475,h
13949,h
12683,h
12281,h
15028,h
7699,h
14262,h
17330,h
14699,h
8022,h
14633,h
17239,h
3561,h
11341,h
7278,h
6098,h
13029,h
4259,h
11810,h
15577,h
7950,h
424,h
870,h
3228,h
11648,h
4745,h
16586,h
1266,h
9775,h
2336,h
16053,h
9437,h
16823,h
404,h
3034,h
10281,h
2718,h
5705,h
11797,h
17754,h
7038,h
5755,h
8736,h
1710,h
2733,h
15865,h
19000,h
522,h
1074,h
10563,h
6510,h
18229,h
14517,h
18282,h
9889,h
12301,h
2838,h
11309,h
6799,h
4115,h
10824,h
4234,h
3052,h
13881,h
11572,h
16955,h
15549,h
11443,h
5515,h
13640,h
12671,h
3187,h
5769,h
16782,h
17298,h
15690,h
12319,h
15953,h
10101,h
12794,h
15821,h
6594,h
2437,h
10500,h
17184,h
13620,h
13225,h
18483,h
4730,h
5118,h
16069,h
4050,h
12949,h
10737,h
18567,h
3781,h
4508,h
6696,h
553,h
8452,h
11675,h
3411,h
2315,h
14446,h
3950,h
16995,h
14224,h
13131,h
15676,h
14255,h
4936,h
4227,h
254,h
1319,h
11186,h
5376,h
5638,h
3359,h
2132,h
13884,h
18250,h
5566,h
8067,h
9506,h
5972,h
11622,h
6269,h
606,h
6529,h
16539,h
12489,h
5105,h
15993,h
14780,h
18651,h
3532,h
18807,h
16443,h
14824,h
18234,h
17485,h
18055,h
14981,h
5068,h
1251,h
3739,h
6027,h
12892,h
6013,h
4117,h
7662,h
11661,h
7002,h
1628,h
12413,h
6220,h
5690,h
7056,h
4040,h
14365,h
17825,h
11577,h
10696,h
16208,h
14639,h
12297,h
3752,h
11114,h
2247,h
10968,h
17382,h
2485,h
15188,h
8831,h
16854,h
3007,h
18675,h
7367,h
2115,h
13001,h
10693,h
8036,h
4293,h
12972,h
2411,h
5726,h
849,h
9151,h
642,h
18023,h
6005,h
12068,h
4135,h
13813,h
6458,h
16917,h
12473,h
3509,h
10998,h
7084,h
14079,h
7194,h
7705,h
5966,h
14416,h
17288,h
2860,h
18613,h
10426,h
16471,h
3068,h
1276,h
8107,h
15814,h
15084,h
7460,h
17908,h
10987,h
18541,h
8147,h
10647,h
17798,h
12806,h
17734,h
17124,h
11505,h
2754,h
12539,h
7462,h
2673,h
2789,h
851,h
15922,h
442,h
17361,h
4402,h
18118,h
10672,h
12777,h
4195,h
7945,h
7690,h
11182,h
12299,h
18110,h
9090,h
1599,h
6694,h
11653,h
8018,h
13445,h
15002,h
11318,h
520,h
8367,h
18797,h
16772,h
4632,h
8309,h
11525,h
17719,h
16924,h
1116,h
9262,h
13077,h
16253,h
15294,h
12722,h
2574,h
16381,h
16324,h
2021,h
4447,h
17849,h
6796,h
12165,h
7861,h
9391,h
2787,h
13734,h
2092,h
1979,h
18267,h
12920,h
18461,h
15574,h
8783,h
16146,h
9741,h
4618,h
3722,h
17322,h
1282,h
14777,h
13432,h
3736,h
15284,h
2626,h
14650,h
6317,h
17199,h
5400,h
670,h
8181,h
1260,h
12352,h
256,h
18508,h
378,h
3476,h
5538,h
15695,h
17804,h
14601,h
1485,h
3620,h
18371,h
11446,h
736,h
7252,h
9227,h
6295,h
4248,h
2125,h
10131,h
2864,h
5000,h
4962,h
8577,h
2528,h
18847,h
15856,h
14484,h
16978,h
17197,h
17087,h
11494,h
10768,h
10038,h
9906,h
11839,h
12036,h
13662,h
16341,h
17621,h
8940,h
16018,h
8867,h
5341,h
9039,h
10977,h
17375,h
17889,h
12407,h
835,h
1524,h
16892,h
5157,h
3440,h
14795,h
13524,h
12939,h
7233,h
9481,h
1075,h
165,h
13688,h
11344,h
2665,h
12222,h
18723,h
3703,h
6619,h
11484,h
12171,h
17941,h
15745,h
12887,h
5290,h
15070,h
15518,h
2074,h
3610,h
14055,h
12840,h
9446,h
14737,h
13869,h
2128,h
14815,h
6017,h
632,h
4224,h
16680,h
10956,h
4552,h
18425,h
11534,h
9390,h
16818,h
11556,h
10313,h
6876,h
17524,h
4144,h
5982,h
17349,h
4810,h
13531,h
3454,h
17897,h
3559,h
7605,h
4483,h
12906,h
10867,h
15986,h
18408,h
3026,h
2080,h
17851,h
4320,h
15593,h
7937,h
16617,h
1565,h
15022,h
12858,h
14290,h
8935,h
4302,h
10186,h
13401,h
18162,h
18544,h
11742,h
13436,h
15987,h
11338,h
10628,h
18115,h
1133,h
7572,h
4018,h
534,h
10357,h
5387,h
13456,h
533,h
18942,h
13739,h
1300,h
3257,h
14719,h
8161,h
7201,h
17718,h
13311,h
5472,h
9148,h
18899,h
3538,h
2203,h
18888,h
4469,h
8414,h
17543,h
14332,h
3573,h
8463,h
9327,h
10261,h
1224,h
2742,h
16726,h
4689,h
17864,h
5121,h
17591,h
1034,h
7382,h
8395,h
16226,h
18457,h
10576,h
6650,h
11925,h
7264,h
3876,h
350,h
14065,h
12951,h
2904,h
15080,h
12757,h
6180,h
17050,h
18563,h
18464,h
12872,h
9367,h
8423,h
13255,h
10523,h
9656,h
17777,h
14922,h
11660,h
8814,h
966,h
7360,h
959,h
9776,h
7762,h
11274,h
10191,h
18791,h
13275,h
17401,h
18789,h
9827,h
2674,h
6023,h
11841,h
3110,h
8268,h
9967,h
5232,h
11084,h
621,h
7992,h
12953,h
4138,h
14221,h
11504,h
3713,h
7747,h
10769,h
14843,h
9973,h
2004,h
15490,h
18474,h
1611,h
266,h
4282,h
10957,h
6311,h
16251,h
2926,h
9810,h
15568,h
15405,h
15641,h
14375,h
3801,h
12236,h
14300,h
890,h
18214,h
1626,h
17325,h
18958,h
1475,h
4496,h
2740,h
7074,h
4705,h
13711,h
11311,h
11855,h
12279,h
12076,h
18731,h
13050,h
13612,h
17602,h
3651,h
17316,h
7628,h
2321,h
16380,h
4191,h
17061,h
16033,h
8486,h
2431,h
8618,h
9372,h
2461,h
17179,h
6991,h
18336,h
8666,h
2181,h
10586,h
3841,h
14850,h
5306,h
355,h
6951,h
10740,h
552,h
7514,h
4842,h
7176,h
4273,h
16186,h
12799,h
9104,h
11784,h
16160,h
5780,h
12587,h
10022,h
8308,h
11292,h
6741,h
14881,h
9034,h
18082,h
3378,h
10401,h
6556,h
15441,h
10519,h
4886,h
7238,h
14915,h
14587,h
1780,h
12635,h
18642,h
6955,h
2223,h
13454,h
7099,h
18753,h
14566,h
2848,h
6270,h
3282,h
17645,h
15542,h
11554,h
10684,h
12190,h
5311,h
5693,h
18922,h
17870,h
13905,h
11263,h
6642,h
2757,h
1753,h
10117,h
2331,h
12566,h
16084,h
1536,h
17634,h
4681,h
10204,h
24,h
4034,h
17018,h
7231,h
16483,h
16913,h
13304,h
18012,h
13623,h
713,h
1583,h
1019,h
18589,h
3557,h
15462,h
2087,h
7227,h
15044,h
1618,h
18786,h
6777,h
2768,h
10882,h
1925,h
9197,h
13945,h
10161,h
10973,h
7649,h
17612,h
3558,h
1983,h
7262,h
1352,h
1035,h
2995,h
12416,h
18573,h
1672,h
17025,h
1473,h
5758,h
13261,h
18913,h
9902,h
4193,h
12484,h
9501,h
7319,h
6313,h
14874,h
15623,h
17151,h
5325,h
9145,h
17015,h
1698,h
9161,h
300,h
14217,h
3618,h
2748,h
3530,h
14663,h
7621,h
15719,h
17269,h
17995,h
6239,h
18169,h
9731,h
17488,h
9888,h
11171,h
1843,h
8722,h
12796,h
14294,h
9914,h
17351,h
14241,h
5556,h
15457,h
8959,h
4830,h
18177,h
17,h
2541,h
7792,h
3463,h
1139,h
149,h
14429,h
1347,h
16808,h
15261,h
7750,h
988,h
4408,h
11447,h
11812,h
7757,h
9541,h
15526,h
5998,h
8523,h
15891,h
26,h
13713,h
6007,h
5523,h
1668,h
18140,h
17501,h
14086,h
12187,h
16891,h
1080,h
13633,h
12382,h
8886,h
13933,h
3073,h
12641,h
2299,h
2834,h
1328,h
11328,h
14011,h
9205,h
10884,h
6405,h
12758,h
16810,h
7733,h
14585,h
16587,h
15035,h
6292,h
10348,h
8482,h
15171,h
12203,h
4893,h
15295,h
10091,h
14889,h
10945,h
11489,h
1788,h
7269,h
3201,h
14082,h
1062,h
8790,h
13611,h
6748,h
830,h
6052,h
11320,h
15980,h
5262,h
15399,h
12795,h
8384,h
1573,h
11226,h
5579,h
7573,h
17538,h
10725,h
15582,h
2566,h
10743,h
14307,h
7222,h
13796,h
17933,h
11390,h
15422,h
16827,h
13774,h
12011,h
12715,h
16159,h
380,h
5947,h
14951,h
15597,h
18191,h
7329,h
18328,h
8744,h
13488,h
17113,h
18787,h
1238,h
8200,h
5250,h
16089,h
9721,h
506,h
6008,h
7061,h
8741,h
13938,h
10123,h
4659,h
6599,h
817,h
1022,h
7316,h
17503,h
18529,h
2413,h
12055,h
4323,h
2869,h
11501,h
10424,h
4390,h
14150,h
9331,h
4863,h
6444,h
10485,h
17919,h
14888,h
4567,h
18861,h
8140,h
5838,h
8126,h
17988,h
7930,h
6105,h
8191,h
17505,h
15580,h
9817,h
16408,h
16502,h
17256,h
12330,h
11786,h
549,h
7738,h
9284,h
18952,h
8709,h
18669,h
15794,h
14023,h
4678,h
6107,h
14125,h
17069,h
13185,h
10128,h
1754,h
3148,h
8665,h
12811,h
16872,h
9511,h
13302,h
10682,h
787,h
8119,h
6056,h
9149,h
14053,h
6674,h
12857,h
5062,h
18417,h
15221,h
11346,h
1239,h
18506,h
14524,h
7578,h
18080,h
12021,h
16743,h
17709,h
4704,h
4088,h
5035,h
2849,h
3875,h
3940,h
11245,h
15509,h
15536,h
467,h
14331,h
5620,h
2313,h
15720,h
6372,h
14864,h
11280,h
17568,h
12351,h
4022,h
2081,h
11538,h
1844,h
18736,h
17776,h
14385,h
7984,h
7486,h
18673,h
15955,h
13799,h
2435,h
16748,h
14768,h
1489,h
3496,h
668,h
453,h
17611,h
8745,h
6691,h
14990,h
15845,h
9630,h
15166,h
14109,h
6109,h
434,h
5151,h
2357,h
1876,h
17943,h
6831,h
9577,h
2493,h
4655,h
2775,h
8368,h
1191,h
13880,h
14172,h
6024,h
1460,h
11935,h
1987,h
13015,h
3753,h
17728,h
11142,h
6856,h
17397,h
1214,h
13673,h
18726,h
12823,h
10837,h
9779,h
13366,h
7191,h
13532,h
4201,h
3605,h
12797,h
10618,h
17132,h
13654,h
2582,h
2964,h
9639,h
17338,h
17886,h
967,h
17927,h
4823,h
1995,h
4356,h
18850,h
5050,h
3312,h
9773,h
18142,h
10093,h
3646,h
11500,h
1061,h
15959,h
7810,h
4640,h
879,h
6275,h
7827,h
17192,h
777,h
7638,h
9280,h
10767,h
17204,h
1424,h
9136,h
17710,h
6652,h
13917,h
3474,h
3340,h
16113,h
8349,h
5616,h
13574,h
17553,h
15092,h
15960,h
10838,h
10336,h
5528,h
3932,h
16118,h
9443,h
11727,h
8211,h
4161,h
8108,h
12824,h
6126,h
14407,h
16798,h
5607,h
17104,h
10811,h
14180,h
4642,h
2694,h
10039,h
11363,h
1366,h
16287,h
16387,h
7867,h
11806,h
14468,h
6587,h
5289,h
18193,h
7079,h
2781,h
1156,h
2039,h
6224,h
4996,h
3929,h
5152,h
9144,h
12612,h
6381,h
6564,h
14335,h
6559,h
2332,h
10328,h
3590,h
3898,h
11597,h
15157,h
1281,h
3002,h
1644,h
17376,h
11093,h
2783,h
18531,h
2529,h
1122,h
2583,h
3234,h
11657,h
5381,h
16941,h
17980,h
10345,h
16942,h
11843,h
4374,h
3276,h
6857,h
14482,h
6088,h
5014,h
12701,h
8430,h
15682,h
11233,h
6947,h
6500,h
7807,h
17230,h
16633,h
4779,h
14516,h
2402,h
3723,h
4333,h
9232,h
10929,h
11859,h
17445,h
15410,h
7501,h
12358,h
15947,h
17716,h
12651,h
18210,h
2943,h
9747,h
9948,h
2348,h
2671,h
14803,h
428,h
9340,h
7410,h
14729,h
4944,h
18123,h
17155,h
10601,h
1241,h
12090,h
5762,h
17363,h
5540,h
15108,h
13123,h
15569,h
10638,h
11410,h
11858,h
17383,h
11312,h
11382,h
358,h
17787,h
3565,h
7518,h
8689,h
4939,h
4599,h
7700,h
6545,h
543,h
7402,h
16678,h
11405,h
7713,h
15751,h
16389,h
17007,h
12816,h
7606,h
18021,h
14603,h
6841,h
8928,h
4263,h
15216,h
5410,h
5049,h
4401,h
997,h
12285,h
17398,h
15327,h
9565,h
13405,h
3191,h
1388,h
6136,h
10758,h
17593,h
6526,h
4756,h
15225,h
11944,h
14666,h
6409,h
13736,h
10343,h
12894,h
7489,h
9217,h
13009,h
8860,h
7424,h
12286,h
10624,h
6805,h
15521,h
14111,h
14720,h
17461,h
6937,h
9404,h
17326,h
5740,h
14674,h
9226,h
10663,h
1301,h
2225,h
4777,h
11985,h
8757,h
4183,h
15788,h
1967,h
18816,h
1920,h
4043,h
15612,h
12298,h
51,h
7993,h
6765,h
8205,h
6071,h
9761,h
12303,h
3956,h
18240,h
2557,h
9658,h
7173,h
17148,h
10321,h
11258,h
6601,h
2251,h
15555,h
15741,h
17673,h
14400,h
18105,h
2971,h
9332,h
10517,h
6196,h
14989,h
12230,h
6506,h
7416,h
4535,h
8385,h
7973,h
7275,h
8214,h
535,h
16947,h
15820,h
7864,h
4329,h
17313,h
6140,h
9299,h
10097,h
9866,h
15263,h
9974,h
17277,h
10803,h
6,h
3333,h
15180,h
14245,h
2216,h
9381,h
1973,h
18749,h
7623,h
14248,h
13397,h
18001,h
18730,h
7377,h
309,h
9237,h
10666,h
11400,h
12151,h
18031,h
14627,h
1471,h
13907,h
8176,h
10912,h
17236,h
16670,h
1542,h
3787,h
13716,h
2509,h
11033,h
9750,h
258,h
4431,h
6209,h
15378,h
5241,h
6854,h
17041,h
12618,h
8615,h
5583,h
18822,h
11035,h
6229,h
8560,h
11690,h
11169,h
14044,h
9214,h
8275,h
12402,h
1213,h
12628,h
18914,h
11959,h
2480,h
5364,h
1206,h
14097,h
6925,h
11073,h
1552,h
18558,h
6632,h
3279,h
6614,h
10810,h
4214,h
15245,h
17735,h
12388,h
410,h
3090,h
5643,h
4058,h
15976,h
12312,h
12772,h
13068,h
18211,h
12148,h
5866,h
1196,h
7563,h
16178,h
15165,h
9360,h
7836,h
8733,h
1941,h
17274,h
9035,h
15118,h
17200,h
3108,h
9497,h
7832,h
10125,h
4441,h
2240,h
16048,h
898,h
4393,h
2703,h
8739,h
13715,h
12346,h
13417,h
16176,h
9450,h
10927,h
9840,h
2563,h
15999,h
4179,h
4107,h
13484,h
12753,h
5883,h
7934,h
10529,h
14427,h
4602,h
15077,h
3364,h
4741,h
8604,h
3727,h
1691,h
15948,h
6749,h
14068,h
9802,h
2375,h
6634,h
5359,h
2878,h
9223,h
12483,h
8012,h
12209,h
8158,h
4864,h
17262,h
11193,h
2761,h
8454,h
2005,h
18609,h
11714,h
16013,h
12956,h
4172,h
14121,h
16717,h
16017,h
5482,h
17872,h
5735,h
12845,h
288,h
9376,h
17692,h
1143,h
3790,h
6623,h
11953,h
3562,h
2330,h
11676,h
12602,h
8256,h
13258,h
7255,h
374,h
11330,h
17721,h
15644,h
11411,h
989,h
17402,h
4969,h
5625,h
4187,h
3203,h
16228,h
15460,h
13138,h
18910,h
4999,h
6507,h
9784,h
9083,h
953,h
6305,h
7770,h
14610,h
12175,h
173,h
17408,h
9695,h
12988,h
15466,h
9505,h
914,h
18104,h
15314,h
8042,h
6651,h
10121,h
152,h
4220,h
11436,h
14395,h
5432,h
3357,h
12117,h
7044,h
5467,h
8656,h
5134,h
15328,h
10553,h
2214,h
312,h
16147,h
11323,h
2135,h
4752,h
10515,h
13291,h
16673,h
8769,h
7361,h
7432,h
2248,h
5798,h
17480,h
3615,h
7178,h
15479,h
6815,h
1083,h
2716,h
8306,h
1052,h
15807,h
8660,h
2548,h
15381,h
1454,h
12310,h
5601,h
3721,h
12791,h
2001,h
16010,h
1871,h
10608,h
6442,h
11760,h
16565,h
15349,h
9418,h
1112,h
9304,h
17280,h
3158,h
12,h
3879,h
13203,h
18796,h
1658,h
2121,h
11267,h
18683,h
2689,h
17054,h
2340,h
7206,h
5910,h
2361,h
15844,h
4817,h
4728,h
9430,h
3858,h
14534,h
16025,h
11224,h
7096,h
17381,h
1504,h
12282,h
11875,h
1609,h
5302,h
9310,h
15547,h
7799,h
18933,h
18838,h
14636,h
13520,h
2526,h
3672,h
18655,h
15238,h
13930,h
12239,h
16898,h
14907,h
4654,h
6979,h
15503,h
10272,h
8934,h
14435,h
10494,h
3004,h
823,h
12309,h
12664,h
9394,h
11298,h
842,h
7637,h
352,h
16969,h
8585,h
5161,h
1382,h
10939,h
14746,h
9410,h
9514,h
1134,h
564,h
508,h
7434,h
3366,h
10013,h
9177,h
15331,h
1005,h
17409,h
2259,h
2344,h
10755,h
7967,h
18351,h
1759,h
6944,h
6735,h
11551,h
10818,h
7292,h
3837,h
12420,h
87,h
3189,h
11342,h
6357,h
3259,h
3582,h
13665,h
6628,h
10372,h
7156,h
4750,h
13780,h
6625,h
1445,h
14646,h
17969,h
17859,h
4339,h
15616,h
2150,h
4795,h
10685,h
8866,h
10701,h
2735,h
15037,h
16269,h
4764,h
17392,h
13297,h
18345,h
18278,h
12504,h
1038,h
16198,h
18433,h
10127,h
3766,h
6233,h
3804,h
18536,h
3061,h
941,h
15402,h
4873,h
12526,h
1435,h
3072,h
16360,h
197,h
12900,h
15340,h
7577,h
5349,h
94,h
13678,h
8353,h
13720,h
2577,h
66,h
6073,h
13680,h
4861,h
8442,h
9508,h
3012,h
2669,h
4793,h
4799,h
947,h
8270,h
17084,h
10315,h
13446,h
10972,h
10976,h
1387,h
9972,h
1636,h
17973,h
11968,h
16100,h
14110,h
2993,h
8622,h
9298,h
14614,h
15972,h
18217,h
4030,h
3024,h
16573,h
11845,h
8334,h
13960,h
5928,h
4556,h
12470,h
6455,h
1869,h
9592,h
4192,h
5206,h
16041,h
2977,h
9239,h
16000,h
8305,h
6588,h
17860,h
12325,h
8682,h
17632,h
12026,h
14026,h
672,h
3968,h
1357,h
5988,h
13602,h
2647,h
13377,h
18614,h
1364,h
3636,h
7682,h
2810,h
16744,h
8112,h
7710,h
2381,h
15015,h
1560,h
13333,h
16570,h
3117,h
4264,h
10903,h
12255,h
9724,h
7476,h
2698,h
14041,h
727,h
43,h
2827,h
12493,h
6463,h
7279,h
10590,h
12984,h
16099,h
416,h
9862,h
8661,h
8674,h
15167,h
15201,h
14798,h
4009,h
12608,h
5299,h
1006,h
16677,h
11131,h
12808,h
4702,h
13319,h
14845,h
6450,h
15394,h
15181,h
18981,h
13934,h
15318,h
2619,h
11404,h
16693,h
16272,h
8559,h
4977,h
5460,h
14048,h
6009,h
9152,h
17468,h
17268,h
2090,h
11305,h
11611,h
1047,h
944,h
17769,h
10536,h
10341,h
8276,h
1907,h
16321,h
15726,h
1104,h
7484,h
17059,h
324,h
7931,h
1822,h
4573,h
5659,h
3103,h
8638,h
2569,h
7594,h
14884,h
806,h
12497,h
15631,h
2364,h
16559,h
28,h
3949,h
12544,h
13974,h
4934,h
7636,h
18438,h
16928,h
5227,h
11051,h
3540,h
13789,h
1275,h
14286,h
8074,h
1406,h
18008,h
15016,h
12563,h
13819,h
3133,h
5628,h
7683,h
10937,h
5741,h
130,h
118,h
10532,h
1932,h
15792,h
12820,h
10888,h
15739,h
8538,h
3589,h
15829,h
17664,h
18999,h
6183,h
11654,h
13293,h
11229,h
14354,h
15727,h
2941,h
6846,h
4403,h
4694,h
8006,h
14561,h
15236,h
17476,h
8222,h
18618,h
3039,h
13216,h
362,h
9058,h
17118,h
6958,h
8990,h
170,h
5464,h
11723,h
15200,h
9826,h
10985,h
486,h
16141,h
3352,h
9290,h
5719,h
7015,h
2257,h
7844,h
3798,h
11868,h
8435,h
9968,h
7809,h
15977,h
18040,h
16954,h
16402,h
2212,h
17339,h
5874,h
7261,h
15055,h
4683,h
6091,h
11662,h
14906,h
7280,h
5716,h
5391,h
13894,h
1622,h
15652,h
15513,h
5017,h
15562,h
7304,h
17975,h
2617,h
15636,h
16579,h
15413,h
6045,h
8174,h
13533,h
10812,h
9885,h
25,h
5976,h
5073,h
16738,h
15857,h
9454,h
16562,h
2478,h
3123,h
16688,h
10453,h
3200,h
68,h
3157,h
12710,h
1805,h
13358,h
14013,h
16205,h
15826,h
1193,h
13950,h
18295,h
1093,h
13763,h
12942,h
11022,h
18966,h
13578,h
18967,h
3603,h
2482,h
14315,h
18289,h
4684,h
7437,h
1916,h
8716,h
17474,h
17517,h
12093,h
11486,h
15400,h
14869,h
10327,h
217,h
1069,h
2350,h
12965,h
11621,h
13286,h
18245,h
961,h
11394,h
1330,h
13014,h
7821,h
3774,h
9002,h
3092,h
336,h
12818,h
3356,h
15618,h
5125,h
11139,h
12060,h
3899,h
6992,h
15274,h
4853,h
1684,h
6771,h
9499,h
7851,h
5747,h
10409,h
18182,h
12395,h
11896,h
10730,h
6246,h
7726,h
15992,h
5529,h
10098,h
12963,h
17318,h
6068,h
9791,h
10509,h
13525,h
17185,h
8596,h
2927,h
6173,h
3780,h
11497,h
4972,h
1769,h
8345,h
7912,h
9582,h
2780,h
10944,h
12228,h
4837,h
4366,h
5469,h
4490,h
6892,h
8829,h
15223,h
14960,h
9307,h
18638,h
1815,h
3049,h
18926,h
17305,h
13984,h
5669,h
5128,h
4215,h
594,h
10145,h
7436,h
1359,h
15249,h
8021,h
9626,h
3979,h
9660,h
13733,h
16201,h
17893,h
1727,h
10238,h
19016,h
5457,h
7216,h
16439,h
17771,h
17636,h
13268,h
8499,h
1779,h
18725,h
4610,h
15979,h
17454,h
3725,h
1166,h
14774,h
18878,h
12381,h
6367,h
7924,h
16230,h
16184,h
10006,h
14282,h
13292,h
8352,h
18698,h
3671,h
9282,h
803,h
7403,h
2686,h
17290,h
18671,h
12650,h
15655,h
7119,h
15481,h
3255,h
10643,h
9686,h
4629,h
1310,h
13372,h
9672,h
11005,h
16481,h
5576,h
2152,h
7729,h
1284,h
6347,h
16908,h
7854,h
4341,h
10772,h
1603,h
17391,h
17729,h
15342,h
13024,h
8097,h
2052,h
7526,h
1735,h
12000,h
637,h
4038,h
6746,h
7109,h
15272,h
5439,h
10518,h
14579,h
8996,h
18062,h
10651,h
4137,h
15938,h
9017,h
1699,h
5912,h
134,h
14632,h
1832,h
5958,h
17500,h
12065,h
8647,h
14140,h
16347,h
8360,h
3022,h
7997,h
2201,h
3480,h
8302,h
7599,h
18003,h
185,h
2962,h
704,h
12547,h
7886,h
16958,h
3574,h
18492,h
4318,h
11360,h
18974,h
19019,h
12724,h
14712,h
12854,h
16082,h
13247,h
14313,h
3581,h
12902,h
11589,h
6489,h
1977,h
15671,h
1040,h
10263,h
12569,h
10429,h
13587,h
3528,h
14979,h
9122,h
10278,h
11571,h
6596,h
14094,h
5683,h
1312,h
12150,h
13594,h
8004,h
10251,h
10547,h
9023,h
448,h
16354,h
3294,h
17299,h
5546,h
6715,h
9442,h
2006,h
15849,h
16482,h
14553,h
10644,h
16797,h
5815,h
13463,h
18660,h
14809,h
4851,h
15062,h
9317,h
18139,h
11470,h
4612,h
13601,h
5586,h
3503,h
7960,h
16710,h
15702,h
5373,h
9913,h
6349,h
12273,h
16767,h
12572,h
14088,h
846,h
14298,h
4865,h
10190,h
11159,h
9868,h
17319,h
9383,h
14256,h
16788,h
10477,h
10446,h
13815,h
10625,h
10893,h
7136,h
5255,h
7951,h
14251,h
15268,h
11265,h
3106,h
487,h
11883,h
7884,h
13560,h
12596,h
11195,h
3810,h
11658,h
11011,h
7948,h
12855,h
12214,h
10266,h
5194,h
12384,h
2720,h
17904,h
9261,h
13544,h
8874,h
1785,h
9049,h
4562,h
649,h
1593,h
6921,h
1689,h
6237,h
2970,h
812,h
10825,h
15019,h
16769,h
6778,h
3400,h
15319,h
10829,h
12296,h
465,h
11720,h
10633,h
3544,h
236,h
15212,h
14422,h
4467,h
5172,h
9659,h
17888,h
17085,h
5872,h
1745,h
7412,h
13852,h
13487,h
7348,h
8849,h
9140,h
18649,h
14474,h
11348,h
3924,h
5319,h
10800,h
2275,h
344,h
1968,h
17761,h
6325,h
1564,h
18634,h
929,h
10371,h
5176,h
7604,h
8890,h
10650,h
2662,h
13167,h
17600,h
16456,h
10074,h
15257,h
4194,h
1212,h
13172,h
14794,h
12865,h
8043,h
1604,h
16523,h
12347,h
12294,h
406,h
3413,h
4398,h
10466,h
16627,h
13653,h
3695,h
443,h
11751,h
10880,h
12555,h
7095,h
10660,h
9498,h
9030,h
13696,h
11794,h
4261,h
7218,h
6478,h
3322,h
7449,h
4160,h
6306,h
8609,h
10047,h
8542,h
13041,h
1255,h
17682,h
14858,h
2137,h
8985,h
16332,h
16916,h
12871,h
10932,h
9680,h
13231,h
5558,h
10443,h
17560,h
16345,h
7933,h
16211,h
16639,h
856,h
8068,h
13845,h
5518,h
9903,h
9046,h
15929,h
5663,h
5967,h
15822,h
4954,h
3353,h
5322,h
6957,h
12061,h
6678,h
18971,h
13875,h
14669,h
5101,h
7786,h
12107,h
12063,h
18271,h
4100,h
9718,h
13013,h
13380,h
4586,h
1847,h
4771,h
7769,h
5498,h
9159,h
11696,h
8252,h
15267,h
9985,h
9295,h
9725,h
15198,h
12371,h
18693,h
18373,h
2942,h
11848,h
4928,h
2288,h
4028,h
14985,h
8943,h
9625,h
15390,h
144,h
4377,h
172,h
13548,h
2911,h
1966,h
3808,h
7274,h
5171,h
15832,h
1234,h
610,h
16391,h
17647,h
1600,h
8555,h
10333,h
10368,h
13230,h
9051,h
11050,h
9548,h
7812,h
12131,h
15917,h
3909,h
9823,h
16845,h
17562,h
2817,h
18083,h
2998,h
16276,h
13276,h
9618,h
17231,h
8751,h
13705,h
1326,h
3316,h
12831,h
13471,h
4688,h
6281,h
295,h
18460,h
6832,h
13256,h
10071,h
12913,h
4473,h
6459,h
16612,h
1321,h
13791,h
2326,h
14295,h
18722,h
1602,h
5851,h
575,h
12234,h
5443,h
1272,h
6603,h
9983,h
18299,h
3965,h
8776,h
6997,h
8680,h
8847,h
1060,h
15397,h
14925,h
17215,h
5880,h
5903,h
1117,h
12476,h
8206,h
14015,h
16618,h
8450,h
17550,h
3944,h
11031,h
11833,h
3596,h
2889,h
12421,h
8009,h
2952,h
14731,h
4848,h
5734,h
15686,h
15357,h
9060,h
943,h
18329,h
7157,h
6531,h
145,h
12690,h
8976,h
17010,h
3818,h
461,h
14718,h
3977,h
10436,h
15914,h
6265,h
3823,h
16374,h
13459,h
17579,h
7800,h
5507,h
15995,h
15375,h
12860,h
2289,h
7920,h
11222,h
17637,h
11109,h
1397,h
14528,h
1344,h
7977,h
6084,h
11179,h
6175,h
1519,h
12958,h
6710,h
6340,h
4739,h
11138,h
926,h
13092,h
17419,h
13709,h
7340,h
7378,h
16613,h
11185,h
6971,h
14441,h
12793,h
15209,h
10671,h
14291,h
17108,h
18203,h
7202,h
15117,h
11440,h
3746,h
16945,h
10804,h
18666,h
775,h
17030,h
15575,h
10237,h
6775,h
1172,h
8329,h
11725,h
17479,h
17967,h
10351,h
6809,h
7026,h
3520,h
964,h
8436,h
11044,h
8755,h
14404,h
6278,h
12125,h
6469,h
16961,h
7665,h
14838,h
16,h
5889,h
12867,h
10619,h
18096,h
1853,h
2450,h
5284,h
5506,h
10717,h
11098,h
9796,h
12876,h
14054,h
2033,h
16102,h
13625,h
6297,h
18950,h
5229,h
17907,h
7232,h
10652,h
8251,h
6184,h
15329,h
10053,h
4306,h
12218,h
14808,h
10924,h
8995,h
137,h
3193,h
7777,h
755,h
1673,h
18678,h
6302,h
10697,h
5937,h
5102,h
10418,h
8548,h
4012,h
3067,h
2522,h
9234,h
17662,h
18943,h
7701,h
8303,h
12338,h
18454,h
4512,h
5351,h
16831,h
12138,h
17258,h
1612,h
14129,h
555,h
8342,h
6475,h
84,h
16219,h
10143,h
3591,h
457,h
12888,h
17770,h
17549,h
13415,h
15143,h
2631,h
15881,h
9534,h
5445,h
12551,h
15707,h
17604,h
10067,h
3446,h
296,h
8408,h
12523,h
8086,h
9244,h
3627,h
10699,h
9048,h
293,h
15587,h
2909,h
4476,h
12862,h
3775,h
2274,h
6143,h
14293,h
14366,h
14538,h
8529,h
4665,h
2500,h
9029,h
5723,h
8978,h
18333,h
10239,h
7846,h
9257,h
1774,h
13802,h
8417,h
14106,h
8651,h
13751,h
17012,h
6072,h
9334,h
18737,h
4062,h
9347,h
8551,h
9248,h
13515,h
13410,h
6197,h
12459,h
16813,h
13760,h
10779,h
4787,h
17976,h
11184,h
17903,h
15852,h
5555,h
18551,h
2249,h
9255,h
3258,h
9883,h
1969,h
9567,h
4241,h
18330,h
11024,h
4154,h
15748,h
4884,h
7263,h
11681,h
16972,h
335,h
1803,h
2234,h
1077,h
698,h
12113,h
945,h
17465,h
7174,h
2062,h
1766,h
2219,h
15324,h
1439,h
13750,h
7272,h
7999,h
14170,h
3428,h
17848,h
9813,h
9183,h
5155,h
16292,h
18316,h
2031,h
10427,h
15755,h
13228,h
9411,h
2277,h
8066,h
10221,h
12091,h
5994,h
17751,h
5461,h
9800,h
4157,h
3971,h
3147,h
13140,h
18178,h
11315,h
17924,h
15187,h
10675,h
15446,h
14505,h
18485,h
11774,h
14314,h
18809,h
18145,h
8649,h
8153,h
9466,h
4111,h
7025,h
8915,h
12937,h
12839,h
9375,h
13566,h
1011,h
7893,h
14039,h
17844,h
16764,h
10797,h
10906,h
17736,h
5371,h
15900,h
16421,h
18157,h
17119,h
4686,h
6219,h
17205,h
5646,h
15904,h
11092,h
11176,h
5733,h
16866,h
11537,h
6377,h
11977,h
17137,h
16571,h
16881,h
1370,h
10594,h
13421,h
15452,h
16650,h
4428,h
7241,h
19009,h
2148,h
6774,h
18273,h
12356,h
1541,h
792,h
9620,h
7601,h
10668,h
10493,h
16575,h
1259,h
17428,h
9270,h
7669,h
4624,h
9301,h
6408,h
15010,h
15211,h
13163,h
14458,h
15811,h
2300,h
15472,h
11228,h
16576,h
14710,h
12741,h
12099,h
18347,h
10396,h
15428,h
5103,h
4838,h
14174,h
1488,h
16982,h
16860,h
9729,h
7528,h
7091,h
5372,h
4541,h
15392,h
13493,h
6617,h
5175,h
18171,h
753,h
90,h
9338,h
7321,h
14977,h
7123,h
4405,h
2868,h
4513,h
4912,h
10938,h
11716,h
14867,h
7037,h
10642,h
6639,h
9538,h
12264,h
14451,h
4284,h
10309,h
12349,h
5651,h
17609,h
15945,h
9313,h
1960,h
5688,h
15256,h
11379,h
14138,h
1491,h
17957,h
2935,h
15168,h
15838,h
18873,h
18147,h
5864,h
4788,h
2324,h
10054,h
13197,h
7270,h
13112,h
913,h
11364,h
11972,h
11037,h
1048,h
2645,h
2018,h
17615,h
18227,h
13126,h
6176,h
13823,h
11951,h
12064,h
3659,h
3629,h
7409,h
15363,h
10926,h
1743,h
5240,h
2990,h
11870,h
9841,h
12560,h
10099,h
11212,h
12300,h
1165,h
16676,h
17694,h
1114,h
7956,h
11234,h
10240,h
7152,h
6683,h
9993,h
13694,h
7244,h
15098,h
17180,h
5930,h
6399,h
8786,h
14789,h
7779,h
651,h
8896,h
18355,h
3469,h
3783,h
7363,h
115,h
9964,h
9162,h
10923,h
1322,h
10720,h
4625,h
16342,h
2711,h
233,h
14965,h
2185,h
10089,h
17418,h
18450,h
9673,h
14660,h
1481,h
9100,h
4633,h
3619,h
2929,h
972,h
18657,h
8210,h
3453,h
15910,h
1667,h
16722,h
18439,h
3174,h
5816,h
4418,h
12106,h
2937,h
12444,h
1108,h
3341,h
5429,h
7306,h
910,h
9751,h
1545,h
15901,h
15646,h
5456,h
7256,h
11619,h
6167,h
9061,h
13793,h
14899,h
18550,h
14327,h
12590,h
14686,h
12307,h
12773,h
1669,h
2048,h
2028,h
12964,h
4985,h
5933,h
8227,h
9616,h
16732,h
10840,h
11528,h
17772,h
12025,h
6835,h
5186,h
5362,h
17089,h
8531,h
17044,h
12133,h
13301,h
470,h
7474,h
9943,h
11719,h
5237,h
12212,h
8684,h
4619,h
14456,h
376,h
16068,h
8514,h
18524,h
15074,h
6822,h
8835,h
4747,h
10279,h
187,h
2263,h
15301,h
13133,h
10591,h
17420,h
3815,h
8468,h
14558,h
481,h
3499,h
5353,h
17234,h
8802,h
13683,h
18452,h
11461,h
13104,h
6044,h
13081,h
4807,h
7332,h
14305,h
5142,h
4052,h
12568,h
10486,h
15145,h
13766,h
13724,h
16506,h
7862,h
7005,h
3421,h
4780,h
831,h
9986,h
3305,h
1345,h
14594,h
4772,h
18935,h
5336,h
11492,h
2451,h
6655,h
15289,h
10078,h
16737,h
15228,h
6162,h
7562,h
6867,h
5398,h
7404,h
1411,h
770,h
15438,h
13829,h
5739,h
7419,h
3286,h
18667,h
1915,h
9475,h
13745,h
16990,h
3822,h
1909,h
2129,h
12059,h
5253,h
13402,h
16367,h
17699,h
12179,h
10168,h
16468,h
16098,h
5031,h
18604,h
17891,h
10723,h
1417,h
1948,h
14185,h
4495,h
6225,h
13717,h
15195,h
6087,h
2328,h
18829,h
3996,h
11289,h
1762,h
5721,h
7582,h
7787,h
4650,h
7028,h
1111,h
8248,h
9228,h
3129,h
15746,h
12367,h
7046,h
11282,h
16191,h
10112,h
695,h
7313,h
3136,h
12980,h
1123,h
16240,h
718,h
2847,h
15280,h
13778,h
2518,h
12829,h
9417,h
928,h
7620,h
18307,h
3539,h
17055,h
456,h
13175,h
10822,h
11272,h
6994,h
2892,h
18302,h
4804,h
8409,h
6358,h
19018,h
15122,h
4990,h
15704,h
9294,h
5911,h
9189,h
17117,h
9825,h
9291,h
11591,h
1857,h
11383,h
12542,h
965,h
15625,h
12030,h
5626,h
5707,h
18680,h
4551,h
6342,h
13303,h
16771,h
7379,h
7598,h
11391,h
7103,h
9047,h
4278,h
18122,h
6018,h
14009,h
4148,h
7032,h
7116,h
11693,h
15813,h
12819,h
14161,h
693,h
1688,h
17201,h
306,h
14225,h
17766,h
18849,h
16542,h
13639,h
9831,h
11710,h
14500,h
1413,h
16622,h
675,h
18700,h
14380,h
13075,h
16874,h
5718,h
5592,h
8143,h
13597,h
15668,h
12977,h
9847,h
3371,h
348,h
13281,h
2865,h
12828,h
17877,h
5882,h
2134,h
10304,h
7798,h
7818,h
6388,h
17100,h
10244,h
3444,h
10018,h
9206,h
311,h
12721,h
17759,h
12191,h
9364,h
8857,h
13437,h
4057,h
13393,h
16838,h
6851,h
5822,h
747,h
2739,h
1141,h
18073,h
7982,h
5895,h
5453,h
1463,h
17250,h
9026,h
10539,h
13246,h
1073,h
17075,h
106,h
13966,h
9602,h
14851,h
17608,h
3233,h
17062,h
4142,h
10607,h
9366,h
6644,h
1549,h
16520,h
15933,h
1662,h
5598,h
4238,h
10874,h
7209,h
9781,h
6849,h
9468,h
2710,h
5437,h
10109,h
2399,h
9279,h
1427,h
891,h
5541,h
544,h
13084,h
5337,h
9032,h
16175,h
13257,h
7052,h
3587,h
2940,h
10709,h
12529,h
2430,h
10991,h
13266,h
4482,h
17971,h
12198,h
9385,h
5811,h
4386,h
11759,h
6528,h
2422,h
12614,h
16306,h
14092,h
8833,h
12698,h
11899,h
7749,h
2549,h
13032,h
5647,h
17162,h
15743,h
13936,h
12518,h
85,h
8789,h
6622,h
14769,h
8189,h
5354,h
15805,h
18405,h
15784,h
699,h
3597,h
10871,h
283,h
10378,h
14034,h
6963,h
2690,h
13391,h
9557,h
1724,h
15333,h
12423,h
11177,h
1318,h
16733,h
2126,h
14384,h
4976,h
5026,h
8845,h
12246,h
18296,h
2907,h
4966,h
2449,h
8337,h
6253,h
16867,h
5533,h
7880,h
4766,h
12540,h
8772,h
4746,h
11626,h
4297,h
12178,h
6645,h
8820,h
15287,h
588,h
14903,h
4898,h
1781,h
18103,h
15197,h
795,h
6406,h
11154,h
18224,h
15919,h
11600,h
8038,h
3456,h
5722,h
5938,h
8821,h
7148,h
12408,h
5894,h
1280,h
3922,h
6445,h
15517,h
5243,h
9844,h
1894,h
4024,h
11593,h
15729,h
15884,h
4839,h
16695,h
5382,h
9830,h
1958,h
3246,h
16340,h
12711,h
995,h
12184,h
16704,h
7819,h
12789,h
247,h
1798,h
8941,h
3461,h
6667,h
8830,h
17852,h
7840,h
1656,h
13775,h
3584,h
6581,h
556,h
17150,h
14668,h
5624,h
6457,h
767,h
8806,h
5709,h
17669,h
17182,h
4656,h
5070,h
6019,h
3964,h
10765,h
7145,h
1376,h
2747,h
4460,h
11712,h
12157,h
15476,h
9345,h
5834,h
5411,h
8557,h
5876,h
10734,h
7018,h
8207,h
17481,h
17590,h
9065,h
13958,h
5712,h
8365,h
14250,h
4813,h
14609,h
909,h
3450,h
15988,h
14559,h
2816,h
13942,h
3883,h
975,h
14253,h
17071,h
11475,h
9970,h
17270,h
16694,h
17556,h
4270,h
7895,h
14093,h
10269,h
6178,h
3602,h
5530,h
11753,h
3866,h
1713,h
8875,h
12571,h
11691,h
17083,h
3548,h
3379,h
15812,h
1905,h
52,h
970,h
13135,h
8506,h
7162,h
9415,h
5545,h
13551,h
18349,h
6638,h
1538,h
3235,h
13647,h
10295,h
3762,h
8911,h
268,h
8071,h
17101,h
2156,h
10928,h
7927,h
7778,h
12735,h
18902,h
6868,h
1845,h
5622,h
7040,h
9091,h
15338,h
5260,h
1954,h
2127,h
9073,h
3873,h
9399,h
2679,h
2192,h
9703,h
6698,h
2015,h
18131,h
5499,h
15411,h
17120,h
9585,h
2807,h
18569,h
9433,h
5465,h
6727,h
11615,h
343,h
17027,h
16550,h
12260,h
18184,h
17956,h
12014,h
15464,h
12537,h
11158,h
10077,h
12418,h
6621,h
9213,h
1608,h
9069,h
14085,h
3901,h
14454,h
5633,h
5211,h
10549,h
11399,h
15110,h
16466,h
9157,h
1794,h
6262,h
13700,h
17741,h
3832,h
2011,h
15222,h
18581,h
14722,h
4782,h
991,h
12414,h
11682,h
9922,h
1726,h
5859,h
2750,h
13177,h
13460,h
17900,h
11041,h
8397,h
2089,h
8827,h
11415,h
9870,h
13552,h
13089,h
12822,h
4906,h
1027,h
9212,h
1189,h
10771,h
7350,h
10170,h
4444,h
6016,h
11261,h
7289,h
5436,h
9045,h
14675,h
2519,h
16629,h
15540,h
160,h
14334,h
4902,h
2000,h
18037,h
8020,h
1996,h
10833,h
10393,h
15229,h
2440,h
9551,h
16581,h
6294,h
7260,h
5885,h
8236,h
1919,h
16793,h
18752,h
16247,h
12743,h
13785,h
17882,h
15250,h
2859,h
16991,h
221,h
3611,h
8573,h
13559,h
4685,h
1249,h
15138,h
18582,h
16756,h
6194,h
16873,h
5993,h
7584,h
5770,h
2555,h
9062,h
12208,h
17364,h
2026,h
8639,h
5727,h
3153,h
15958,h
5677,h
7211,h
12825,h
13726,h
15801,h
973,h
14319,h
17036,h
8796,h
1102,h
13192,h
8567,h
18664,h
2371,h
16759,h
16264,h
9578,h
3167,h
14716,h
9640,h
11204,h
10087,h
11419,h
10442,h
8347,h
7092,h
3878,h
15064,h
11722,h
4189,h
5543,h
8552,h
12272,h
9637,h
3575,h
15779,h
4965,h
16266,h
6631,h
6232,h
17965,h
587,h
6637,h
8137,h
9953,h
2893,h
15207,h
2511,h
16885,h
6412,h
1225,h
7502,h
14800,h
5231,h
8485,h
1690,h
11149,h
17026,h
2562,h
14642,h
2429,h
16603,h
4021,h
7101,h
13842,h
18758,h
4715,h
3320,h
4840,h
3984,h
3388,h
8780,h
1177,h
763,h
13213,h
12686,h
14545,h
1426,h
18084,h
9924,h
11527,h
13162,h
18898,h
13631,h
2615,h
6794,h
5713,h
5544,h
9286,h
4321,h
7045,h
7581,h
16366,h
2421,h
16270,h
13363,h
5488,h
16594,h
10113,h
8091,h
18887,h
9139,h
11617,h
8765,h
13693,h
7878,h
16601,h
18792,h
8133,h
15032,h
5563,h
2282,h
16350,h
2932,h
3037,h
8993,h
2130,h
6916,h
6730,h
3493,h
12599,h
3989,h
15637,h
2436,h
12492,h
16476,h
3126,h
2047,h
13592,h
5940,h
4158,h
15681,h
827,h
10983,h
5686,h
4376,h
17986,h
12552,h
10028,h
12769,h
7105,h
7144,h
9549,h
18788,h
7795,h
14574,h
14316,h
7082,h
3116,h
16074,h
9701,h
4299,h
15362,h
7204,h
16926,h
18954,h
8752,h
7298,h
9893,h
6157,h
6820,h
18517,h
6763,h
2620,h
17176,h
16492,h
8296,h
10009,h
9070,h
4561,h
18475,h
17760,h
10951,h
11329,h
2298,h
11287,h
7611,h
243,h
9533,h
13807,h
420,h
15663,h
10842,h
16435,h
4669,h
6147,h
18027,h
16214,h
14939,h
5749,h
4957,h
7936,h
12966,h
1851,h
10778,h
16030,h
7054,h
9712,h
2397,h
13023,h
6792,h
14209,h
9771,h
3692,h
9617,h
1903,h
7926,h
15255,h
7755,h
15773,h
6438,h
7186,h
12034,h
8958,h
880,h
9012,h
8702,h
9050,h
8753,h
2772,h
16895,h
2731,h
7702,h
1936,h
4546,h
12648,h
7027,h
10344,h
16401,h
14944,h
10843,h
18277,h
1671,h
16752,h
4540,h
7533,h
5083,h
3000,h
475,h
14405,h
4880,h
9629,h
2333,h
7887,h
17433,h
11604,h
18006,h
14868,h
13211,h
18396,h
8659,h
3452,h
10634,h
7273,h
1512,h
11789,h
5689,h
13595,h
11389,h
4903,h
3915,h
12803,h
13916,h
14738,h
3290,h
1399,h
493,h
16989,h
15882,h
12196,h
8955,h
590,h
17738,h
5113,h
10786,h
10059,h
13145,h
5995,h
15036,h
16692,h
14074,h
12899,h
6970,h
11783,h
12405,h
13668,h
10910,h
5789,h
14426,h
2246,h
15045,h
12149,h
2963,h
11669,h
7957,h
10719,h
17993,h
15189,h
7785,h
6227,h
16091,h
18272,h
11068,h
14969,h
4291,h
1211,h
1258,h
2473,h
2755,h
1407,h
16803,h
15286,h
10100,h
10883,h
2596,h
625,h
18487,h
4365,h
11678,h
4249,h
8415,h
11652,h
10980,h
291,h
17223,h
11496,h
9424,h
10935,h
5843,h
2856,h
18167,h
13648,h
2008,h
4648,h
1619,h
16043,h
12071,h
1162,h
16583,h
7208,h
3911,h
7909,h
14379,h
13253,h
12600,h
9643,h
2531,h
4493,h
18372,h
18337,h
8982,h
18510,h
6523,h
11157,h
11332,h
6585,h
18588,h
17066,h
15278,h
14007,h
7086,h
12428,h
16274,h
13146,h
7592,h
3894,h
3284,h
3976,h
13642,h
2311,h
14992,h
13954,h
9384,h
13549,h
2463,h
10777,h
3847,h
12768,h
4757,h
15731,h
6878,h
3728,h
10808,h
1113,h
13953,h
6881,h
13004,h
6654,h
7791,h
6546,h
13313,h
7823,h
2524,h
15317,h
339,h
6875,h
12111,h
7932,h
3093,h
15687,h
2767,h
13060,h
16449,h
3331,h
15556,h
8853,h
10448,h
9252,h
7428,h
16349,h
13349,h
12475,h
5974,h
4910,h
6909,h
1045,h
7228,h
7546,h
10198,h
8620,h
13212,h
14391,h
18301,h
10130,h
13340,h
18486,h
12050,h
16496,h
7824,h
9804,h
2572,h
11640,h
8664,h
12851,h
6589,h
18386,h
3686,h
15341,h
7962,h
14620,h
18969,h
4883,h
2098,h
17861,h
18412,h
2538,h
17984,h
13280,h
2173,h
2184,h
4210,h
3288,h
15653,h
6041,h
11381,h
3592,h
3177,h
15369,h
13553,h
2097,h
3308,h
12656,h
7381,h
1453,h
8180,h
17106,h
4406,h
13362,h
8489,h
6010,h
9472,h
864,h
13073,h
6889,h
5047,h
16126,h
6530,h
18879,h
11922,h
9934,h
11075,h
4168,h
3504,h
657,h
7856,h
14547,h
3556,h
3767,h
3062,h
15133,h
15027,h
2050,h
6999,h
3985,h
14657,h
14577,h
1373,h
4617,h
5943,h
7267,h
6571,h
13803,h
12674,h
10649,h
2188,h
9861,h
2722,h
12597,h
18622,h
2723,h
6117,h
13071,h
17836,h
7725,h
12859,h
18856,h
8388,h
11039,h
5159,h
8170,h
5438,h
13575,h
9788,h
13755,h
11377,h
1790,h
17195,h
1980,h
11218,h
11837,h
10021,h
16626,h
13,h
8316,h
226,h
10076,h
12546,h
1147,h
5871,h
8865,h
9711,h
5261,h
8031,h
16475,h
8589,h
9654,h
13160,h
6200,h
18641,h
6882,h
15421,h
14678,h
9344,h
14653,h
674,h
11993,h
6301,h
10405,h
16922,h
15353,h
11118,h
11087,h
6513,h
6207,h
5197,h
1642,h
18232,h
4345,h
10495,h
9842,h
7146,h
171,h
6808,h
11975,h
3661,h
10762,h
15584,h
9938,h
7863,h
279,h
10385,h
3763,h
14113,h
11463,h
15533,h
16383,h
13241,h
9445,h
16046,h
9253,h
2343,h
16168,h
16781,h
8612,h
231,h
18959,h
15179,h
16087,h
4300,h
3149,h
5936,h
11608,h
2424,h
13429,h
17291,h
6350,h
9427,h
10137,h
867,h
17937,h
13708,h
589,h
8228,h
16134,h
9899,h
1526,h
15368,h
2124,h
14463,h
1469,h
2792,h
9590,h
16499,h
2066,h
7392,h
3840,h
5746,h
16353,h
13502,h
2988,h
16983,h
1313,h
2146,h
13616,h
14905,h
17444,h
17107,h
13042,h
3527,h
8116,h
18212,h
7083,h
12684,h
16361,h
17545,h
2888,h
14062,h
3415,h
4383,h
13871,h
8364,h
15673,h
11162,h
13195,h
13344,h
113,h
11918,h
12379,h
13368,h
3134,h
6869,h
9469,h
18877,h
6190,h
16632,h
11032,h
15068,h
10456,h
958,h
